feature_id.x	Sequence	FullPeptideName.x	FullPeptideName_phospho.x	mz	Charge	ipf_pep.x	RT.x	IM.x	pool	raw_max_intensity.x	smoothed_IM_peak.x	library_IM.x	theoretical_isomers.x	n_isomers.x	p_res.x	n_cofragmenting_features.x	phospho_position.x	method	filename.x	feature_id.y	FullPeptideName.y	FullPeptideName_phospho.y	ipf_pep.y	RT.y	IM.y	raw_max_intensity.y	library_IM.y	smoothed_IM_peak.y	theoretical_isomers.y	n_isomers.y	p_res.y	n_cofragmenting_features.y	phospho_position.y	filename.y	delta_RT	delta_IM_OSW	delta_IM_alphatims	isomer_pair	interfering_features	ipf_pep_pass	RT_width.x	RT_width.y	rt_pp_resolution	smoothed_IM_peakwidth.x	smoothed_IM_peakwidth.y	median_peakwidth	IM_precursor_pp_resolution	isomer_pair_name	phosphorylated_fragments.x	phosphorylated_fragments.y	unique_phosphorylated_fragments.x	unique_phosphorylated_fragments.y	transition_IM.x	transition_peak_width.x	transition_IM.y	transition_peak_width.y
5502745669782189633	IWMTGYEDYR	IWM(UniMod:35)TGY(UniMod:21)EDYR	IWMTGY(UniMod:21)EDYR	715.2783	2	0.0038389010402506	1551.43	0.985881944558556	M5	120909	0.9754077522895804	0.9815483732	3	3	3	1	6	diaPASEF_100	IPP_M5_DIA-PaSEF_60min_Bruker10_400nL_1ul-inj_Slot2-20_1_2135_0.tsv	2061520573807577298	IWM(UniMod:35)TGYEDY(UniMod:21)R	IWMTGYEDY(UniMod:21)R	1.2417918704432648e-07	1554.84	1.007494333921226	122079	1.0122243484	1.0083222666563865	3	3	3	1	9	IPP_M5_DIA-PaSEF_60min_Bruker10_400nL_1ul-inj_Slot2-20_1_2135_0.tsv	3.4099999999998545	0.0216123893626698	0.032914514366806	2061520573807577298 5502745669782189633	2	2	36.0072021484375	32.39111328125	0.0997100580205162	0.0155433478216142	0.0192777839871493	0.0256372741210959	2.2307791237880674	IWMTGY(UniMod:21)EDYR IWMTGYEDY(UniMod:21)R	9.0	9.0	3.0	3.0	0.9754077522895804	0.0193019597019258	1.010590599037659	0.0192985933671547
1143255590602594470	APSMLGLMTSPENVLK	APS(UniMod:21)MLGLMTSPENVLK	APS(UniMod:21)MLGLMTSPENVLK	884.4247	2	0.0	3280.64	1.166804067292294	M4	140428	1.1753608639143671	1.1548711486	3	3	3	1	3	diaPASEF_200	IPP_M4_DIA-PaSEF200_60min_Bruker10_400nL_1ul-inj_Slot2-19_1_2195_0.tsv	1931718859552048365	APSMLGLMTS(UniMod:21)PENVLK	APSMLGLMTS(UniMod:21)PENVLK	2.1678956414139527e-05	3295.61	1.127239592433767	96530	1.1142000246	1.1266824196739929	3	3	3	1	10	IPP_M4_DIA-PaSEF200_60min_Bruker10_400nL_1ul-inj_Slot2-19_1_2195_0.tsv	14.970000000000256	0.0395644748585268	0.0486784442403742	1143255590602594470 1931718859552048365	2	2	45.32861328125	45.330078125	0.330249637796299	0.0331094697077928	0.0212934190835172	0.0212934190835172	2.1116733129368948	APS(UniMod:21)MLGLMTSPENVLK APSMLGLMTS(UniMod:21)PENVLK	15.0	15.0	7.0	7.0	1.176466061739967	0.028175865435237	1.126128696010817	0.0118797505309111
8455392689301111809	TELISVSEVHPSR	T(UniMod:21)ELISVSEVHPSR	T(UniMod:21)ELISVSEVHPSR	767.3691	2	0.0	1729.84	1.032174630190641	M10	281249	1.0185281033534952	1.0360568264	4	4	4	1	1	diaPASEF_100	IPP_M10_DIA-PaSEF_60min_Bruker10_400nL_1ul-inj-redo2_Slot2-25_1_2151_0.tsv	4951472826497696748	TELISVSEVHPS(UniMod:21)R	TELISVSEVHPS(UniMod:21)R	0.0	1734.86	0.987358021110051	285343	1.0020033036	1.0185281033534952	4	4	4	1	12	IPP_M10_DIA-PaSEF_60min_Bruker10_400nL_1ul-inj-redo2_Slot2-25_1_2151_1.tsv	5.019999999999982	0.0448166090805899	0.0	4951472826497696748 8455392689301111809	2	2	39.3043212890625	51.806884765625	0.1101950071210085	0.0256372741210959	0.0385671173970251	0.0256372741210959	0.0	T(UniMod:21)ELISVSEVHPSR TELISVSEVHPS(UniMod:21)R	11.0	12.0	10.0	11.0	1.0241961697891864	0.0370705078968026	0.9844920486445364	0.0229328487069946
742449537467251325	TVQLFWKPVPLEEDSGR	TVQLFWKPVPLEEDS(UniMod:21)GR	TVQLFWKPVPLEEDS(UniMod:21)GR	694.3416	3	0.0	2969.4	0.8787612984818121	M3	49247	0.8767881375930812	0.87901620831	2	2	2	1	15	diaPASEF_200	IPP_M3_DIA-PaSEF200_60min_Bruker10_400nL_1ul-inj_Slot2-18_1_2193_1.tsv	1759039813895423391	T(UniMod:21)VQLFWKPVPLEEDSGR	T(UniMod:21)VQLFWKPVPLEEDSGR	0.0	2991.77	0.8896784189962981	90115	0.88244087877	0.8840594142933161	2	2	2	1	1	IPP_M3_DIA-PaSEF200_60min_Bruker10_400nL_1ul-inj_Slot2-18_1_2193_1.tsv	22.36999999999989	0.010917120514486	0.0072712767002349	742449537467251325 1759039813895423391	2	2	66.252685546875	76.708984375	0.3129510170414845	0.0233905497416897	0.0323034183148203	0.0212934190835172	0.308116185852351	T(UniMod:21)VQLFWKPVPLEEDSGR TVQLFWKPVPLEEDS(UniMod:21)GR	16.0	14.0	14.0	12.0	0.8756692879533073	0.0198959244688886	0.8829408968882152	0.0340159405015221
7988703021663481843	IMDATNILVSPLVYLYPDIPK	IM(UniMod:35)DATNILVSPLVY(UniMod:21)LYPDIPK	IMDATNILVSPLVY(UniMod:21)LYPDIPK	824.423	3	0.010953805713608	3495.18	1.020552787075889	M9	7005	1.063835819922732	1.0258457562	4	3	4	2	14	diaPASEF_100	IPP_M9_DIA-PaSEF_60min_Bruker10_400nL_1ul-inj_Slot2-24_1_2144_1.tsv	8334573330179646168	IM(UniMod:35)DAT(UniMod:21)NILVSPLVYLYPDIPK	IMDAT(UniMod:21)NILVSPLVYLYPDIPK	1.250284592968498e-06	3495.55	0.973080700132586	4051	0.96790223275	0.9538190050425308	4	3	4	2	5	IPP_M9_DIA-PaSEF_60min_Bruker10_400nL_1ul-inj_Slot2-24_1_2144_1.tsv	0.3700000000003456	0.047472086943303	0.1100168148802012	7988703021663481843 8334573330179646168	4	2	19.65185546875	19.65234375	0.0188275048139811	0.0256372741210959	0.0256372741210959	0.0256372741210959	5.06371468922329	IMDAT(UniMod:21)NILVSPLVYLYPDIPK IMDATNILVSPLVY(UniMod:21)LYPDIPK	20.0	20.0	9.0	9.0	1.0015160050580032	0.0225423498032857	0.9992468296091194	0.0264168084411305
8438180420758474298	TELISVSEVHPSR	T(UniMod:21)ELISVSEVHPSR	T(UniMod:21)ELISVSEVHPSR	767.3691	2	4.782532592173537e-09	1680.09	1.047191891896878	M10	147352	1.044594174707789	1.0360568264	4	4	4	1	1	diaPASEF_200	IPP_M10_DIA-PaSEF200_60min_Bruker10_400nL_1ul-inj_Slot2-25_1_2207_0.tsv	2968613787004197473	TELISVSEVHPS(UniMod:21)R	TELISVSEVHPS(UniMod:21)R	0.0	1682.81	1.001938448608209	147352	1.0020033036	1.005115743801276	4	4	4	1	12	IPP_M10_DIA-PaSEF200_60min_Bruker10_400nL_1ul-inj_Slot2-25_1_2207_1.tsv	2.720000000000028	0.0452534432886688	0.0394784309065128	2968613787004197473 8438180420758474298	2	2	41.841064453125	48.8150634765625	0.0600069749749216	0.0315046584372884	0.0167320806593851	0.0212934190835172	1.9314965871272043	T(UniMod:21)ELISVSEVHPSR TELISVSEVHPS(UniMod:21)R	11.0	12.0	10.0	11.0	1.0473719406421975	0.0299370813850273	1.005115743801276	0.0143168703913215
6946951029766522668	IWMTGYEDYR	IWM(UniMod:35)TGYEDY(UniMod:21)R	IWMTGYEDY(UniMod:21)R	715.2783	2	1.0864622940198745e-06	1590.63	1.005441984691759	M5	24628	1.0078980054565632	1.0122243484	3	3	3	1	9	diaPASEF_200	IPP_M5_DIA-PaSEF200_60min_Bruker10_400nL_1ul-inj_Slot2-20_1_2197_0.tsv	8556824626263089504	IWM(UniMod:35)TGY(UniMod:21)EDYR	IWMTGY(UniMod:21)EDYR	0.019540085414394	1598.77	0.9657482047275748	26239	0.9815483732	0.9744899309174542	3	3	3	1	6	IPP_M5_DIA-PaSEF200_60min_Bruker10_400nL_1ul-inj_Slot2-20_1_2197_1.tsv	8.139999999999873	0.0396937799641842	0.0334080745391089	6946951029766522668 8556824626263089504	2	2	83.6871337890625	41.8419189453125	0.129691092582758	0.0119199263424011	0.0117199024501306	0.0212934190835172	3.3351788037147423	IWMTGY(UniMod:21)EDYR IWMTGYEDY(UniMod:21)R	9.0	9.0	3.0	3.0	1.008454419751026	0.0129131681669618	0.971703861547122	0.0170250471908881
754444565133828392	QPYYYPPFDK	QPYYY(UniMod:21)PPFDK	QPYYY(UniMod:21)PPFDK	699.2943	2	0.0007764206688862	2168.26	0.990828466990558	M6	186699	0.9913030549774656	1.0020033036	3	2	3	1	5	diaPASEF_100	IPP_M6_DIA-PaSEF_60min_Bruker10_400nL_1ul-inj_Slot2-21_1_2136_0.tsv	8002785594889782764	QPY(UniMod:21)YYPPFDK	QPY(UniMod:21)YYPPFDK	0.2180678748179211	2171.11	0.94278855416786	178307	0.96107630407	0.9583655893337764	3	2	3	1	3	IPP_M6_DIA-PaSEF_60min_Bruker10_400nL_1ul-inj_Slot2-21_1_2136_1.tsv	2.849999999999909	0.048039912822698	0.0329374656436892	754444565133828392 8002785594889782764	2	1	64.2939453125	32.146240234375	0.0591039924661832	0.0161530034525561	0.0220454471977983	0.0256372741210959	2.0349626122436844	QPY(UniMod:21)YYPPFDK QPYYY(UniMod:21)PPFDK	9.0	9.0	2.0	2.0	0.9901680191162656	0.0244950356745627	0.9595021032910366	0.0239634511190371
6281270070208674034	TCPSLSPTSPLNNK	TC(UniMod:4)PS(UniMod:21)LSPTSPLNNK	TCPS(UniMod:21)LSPTSPLNNK	798.3604	2	0.0005025427026295	1680.87	1.004874019238606	M12	226862	1.047987686337415	1.0292499209	5	5	5	2	4	diaPASEF_100	IPP_M12_DIA-PaSEF_60min_Bruker10_400nL_1ul-inj-redo_Slot2-27_1_2153_1.tsv	6638547638250815748	TC(UniMod:4)PSLSPT(UniMod:21)SPLNNK	TCPSLSPT(UniMod:21)SPLNNK	0.0091459082447247	1695.98	1.049696263844312	318641	1.0564661585	1.0525167751150295	5	5	5	3	8	IPP_M12_DIA-PaSEF_60min_Bruker10_400nL_1ul-inj-redo_Slot2-27_1_2153_0.tsv	15.110000000000127	0.0448222446057058	0.0045290887776145	6281270070208674034 6638547638250815748	5	2	32.144775390625	53.5830078125	0.3525111564869982	0.0513640497994757	0.040833541259461	0.0256372741210959	0.1159319825215151	TCPS(UniMod:21)LSPTSPLNNK TCPSLSPT(UniMod:21)SPLNNK	13.0	13.0	4.0	4.0	1.0128587207254407	0.0347159973370597	1.0547810042622212	0.0222938340317699
743063122591503033	VPVSAPSSSDPWTGR	VPVSAPSS(UniMod:21)SDPWTGR	VPVSAPSS(UniMod:21)SDPWTGR	811.8642	2	0.0022239626511325	1864.73	1.061196603946396	M12	288440	1.05930883221964	1.0598660546	5	5	5	1	8	diaPASEF_100	IPP_M12_DIA-PaSEF_60min_Bruker10_400nL_1ul-inj-redo_Slot2-27_1_2153_0.tsv	3421651040574893420	VPVSAPSSS(UniMod:21)DPWTGR	VPVSAPSSS(UniMod:21)DPWTGR	0.0038055062356346	1871.42	1.028325298559509	283489	1.0224411167	1.0185281033534952	5	5	5	1	9	IPP_M12_DIA-PaSEF_60min_Bruker10_400nL_1ul-inj-redo_Slot2-27_1_2153_1.tsv	6.690000000000055	0.0328713053868869	0.0407807288661448	743063122591503033 3421651040574893420	2	2	42.8736572265625	53.5947265625	0.1386982913413039	0.0269924875131578	0.0171287381157318	0.0256372741210959	2.1813201866514853	VPVSAPSS(UniMod:21)SDPWTGR VPVSAPSSS(UniMod:21)DPWTGR	14.0	14.0	1.0	1.0	1.0581769540132662	0.0371401540552631	1.0185281033534952	0.0260773173499442
3470070019633053572	YPDPSEDADSSYVR	YPDPSEDADS(UniMod:21)SYVR	YPDPSEDADS(UniMod:21)SYVR	840.8249	2	0.001326824485579	1499.08	1.060414366045378	M12	305144	1.0547810042622212	1.0666644257	5	5	5	2	10	diaPASEF_100	IPP_M12_DIA-PaSEF_60min_Bruker10_400nL_1ul-inj-redo_Slot2-27_1_2153_1.tsv	821064957824664560	YPDPS(UniMod:21)EDADSSYVR	YPDPS(UniMod:21)EDADSSYVR	3.196534235527792e-06	1501.33	1.042791169179282	298029	1.0462636263	1.0547810042622212	5	5	5	2	5	IPP_M12_DIA-PaSEF_60min_Bruker10_400nL_1ul-inj-redo_Slot2-27_1_2153_1.tsv	2.25	0.017623196866096	0.0	821064957824664560 3470070019633053572	4	2	62.5167236328125	62.5157470703125	0.0359906508660836	0.0435330111243525	0.0497499202319845	0.0256372741210959	0.0	YPDPS(UniMod:21)EDADSSYVR YPDPSEDADS(UniMod:21)SYVR	13.0	13.0	5.0	5.0	1.0649674355861751	0.0258802462641469	1.033262339549999	0.025852891859527
4450477401181861819	SFHHEEHLENIPGTSENSAFR	SFHHEEHLENIPGTS(UniMod:21)ENSAFR	SFHHEEHLENIPGTS(UniMod:21)ENSAFR	840.0310000000001	3	0.0002686472916183	1576.42	0.960379026072192	M10	38468	0.9710207503910696	0.9440031388	4	4	4	1	15	diaPASEF_300	IPP_M10_DIA-PaSEF300_60min_Bruker10_400nL_1ul-inj_Slot2-25_1_2235_1.tsv	5490853458494663074	S(UniMod:21)FHHEEHLENIPGTSENSAFR	S(UniMod:21)FHHEEHLENIPGTSENSAFR	0.0	1594.01	0.972111612080222	49799	0.95083383573	0.977667578391248	4	4	4	1	1	IPP_M10_DIA-PaSEF300_60min_Bruker10_400nL_1ul-inj_Slot2-25_1_2235_1.tsv	17.589999999999918	0.0117325860080299	0.0066468280001783	4450477401181861819 5490853458494663074	2	2	57.06689453125	57.0594482421875	0.3082548616303146	0.040471383475097	0.019816402522192	0.0193840594985169	0.2601938986634257	S(UniMod:21)FHHEEHLENIPGTSENSAFR SFHHEEHLENIPGTS(UniMod:21)ENSAFR	20.0	19.0	14.0	13.0	0.9569826186414112	0.0284080501757363	0.9795135986822524	0.0183553607710237
4919265316781901256	DQYLVWLTQK	DQYLVWLT(UniMod:21)QK	DQYLVWLT(UniMod:21)QK	687.3287	2	5.513256517986066e-12	2874.23	0.991280047299266	M1	50941	0.994276741866692	0.97472625553	2	2	2	1	8	diaPASEF_300	IPP_M1_DIA-PaSEF300_60min_Bruker10_400nL_1ul-inj_Slot2-16_1_2219_0.tsv	7451485771240648362	DQY(UniMod:21)LVWLTQK	DQY(UniMod:21)LVWLTQK	1.2569134621998046e-10	2898.37	0.953434186874206	20640	0.96107630407	0.9728672728600244	2	2	2	1	3	IPP_M1_DIA-PaSEF300_60min_Bruker10_400nL_1ul-inj_Slot2-16_1_2219_1.tsv	24.13999999999988	0.0378458604250599	0.0214094690066676	4919265316781901256 7451485771240648362	2	2	72.63232421875	51.878173828125	0.3877584682202746	0.0140364038641938	0.0193840594985169	0.0193840594985169	1.511838609398546	DQY(UniMod:21)LVWLTQK DQYLVWLT(UniMod:21)QK	9.0	9.0	5.0	5.0	0.9935387965580428	0.013560123446502	0.971759376121395	0.0113679971131747
7591367102662505428	LVEEGTNVTICYVSR	LVEEGT(UniMod:21)NVTIC(UniMod:4)YVSR	LVEEGT(UniMod:21)NVTICYVSR	910.4184	2	1.2212453270876722e-14	2113.52	1.1104280382802671	M9	63105	1.111694352673229	1.0938389739	4	4	4	2	6	diaPASEF_300	IPP_M9_DIA-PaSEF300_60min_Bruker10_400nL_1ul-inj_Slot2-24_1_2233_0.tsv	338477302994221455	LVEEGTNVT(UniMod:21)IC(UniMod:4)YVSR	LVEEGTNVT(UniMod:21)ICYVSR	9.949927023411578e-07	2142.26	1.1160859213463692	55246	1.0972336638	1.117935878769237	4	4	4	2	9	IPP_M9_DIA-PaSEF300_60min_Bruker10_400nL_1ul-inj_Slot2-24_1_2233_0.tsv	28.74000000000024	0.005657883066102	0.006241526096008	338477302994221455 7591367102662505428	4	2	88.18408203125	77.807373046875	0.3462828853024219	0.027070823867804	0.0212379582382303	0.0193840594985169	0.3049135363058348	LVEEGT(UniMod:21)NVTICYVSR LVEEGTNVT(UniMod:21)ICYVSR	14.0	14.0	3.0	3.0	1.1058185144283708	0.0227303367514224	1.118302977577827	0.0187489878740366
